timestamp_ms,vehicles_left,intensity_left,vehicles_right,intensity_right
0.0,0,Smooth,0,Smooth
33.333333333333336,0,Smooth,0,Smooth
66.66666666666667,0,Smooth,0,Smooth
100.0,0,Smooth,0,Smooth
133.33333333333334,0,Smooth,0,Smooth
166.66666666666666,0,Smooth,0,Smooth
200.0,0,Smooth,0,Smooth
233.33333333333334,0,Smooth,0,Smooth
266.6666666666667,0,Smooth,0,Smooth
300.0,0,Smooth,0,Smooth
333.3333333333333,0,Smooth,0,Smooth
366.66666666666663,0,Smooth,0,Smooth
400.0,0,Smooth,0,Smooth
433.33333333333337,0,Smooth,1,Smooth
466.6666666666667,0,Smooth,0,Smooth
500.0,0,Smooth,1,Smooth
533.3333333333334,0,Smooth,1,Smooth
566.6666666666666,0,Smooth,1,Smooth
600.0,0,Smooth,1,Smooth
633.3333333333333,0,Smooth,1,Smooth
666.6666666666666,0,Smooth,1,Smooth
700.0,0,Smooth,1,Smooth
733.3333333333333,0,Smooth,1,Smooth
766.6666666666666,0,Smooth,1,Smooth
800.0,0,Smooth,1,Smooth
833.3333333333334,0,Smooth,1,Smooth
866.6666666666667,0,Smooth,1,Smooth
900.0,0,Smooth,1,Smooth
933.3333333333334,0,Smooth,1,Smooth
966.6666666666666,0,Smooth,1,Smooth
1000.0,0,Smooth,1,Smooth
1033.3333333333333,0,Smooth,2,Smooth
1066.6666666666667,0,Smooth,1,Smooth
1100.0,0,Smooth,1,Smooth
1133.3333333333333,0,Smooth,1,Smooth
1166.6666666666667,0,Smooth,1,Smooth
1200.0,1,Smooth,1,Smooth
1233.3333333333335,1,Smooth,1,Smooth
1266.6666666666665,1,Smooth,1,Smooth
1300.0,1,Smooth,1,Smooth
1333.3333333333333,1,Smooth,1,Smooth
1366.6666666666667,1,Smooth,1,Smooth
1400.0,1,Smooth,1,Smooth
1433.3333333333333,1,Smooth,1,Smooth
1466.6666666666665,1,Smooth,1,Smooth
1500.0,1,Smooth,1,Smooth
1533.3333333333333,1,Smooth,1,Smooth
1566.6666666666667,1,Smooth,1,Smooth
1600.0,1,Smooth,1,Smooth
1633.3333333333333,1,Smooth,1,Smooth
1666.6666666666667,1,Smooth,1,Smooth
1700.0,1,Smooth,1,Smooth
1733.3333333333335,1,Smooth,1,Smooth
1766.6666666666665,1,Smooth,1,Smooth
1800.0,1,Smooth,1,Smooth
1833.3333333333333,1,Smooth,1,Smooth
1866.6666666666667,1,Smooth,1,Smooth
1900.0,1,Smooth,1,Smooth
1933.3333333333333,1,Smooth,1,Smooth
1966.6666666666665,1,Smooth,1,Smooth
2000.0,1,Smooth,1,Smooth
2033.3333333333333,1,Smooth,1,Smooth
2066.6666666666665,1,Smooth,1,Smooth
2100.0,1,Smooth,1,Smooth
2133.3333333333335,1,Smooth,1,Smooth
2166.6666666666665,1,Smooth,1,Smooth
2200.0,2,Smooth,0,Smooth
2233.3333333333335,2,Smooth,0,Smooth
2266.6666666666665,2,Smooth,0,Smooth
2300.0,2,Smooth,0,Smooth
2333.3333333333335,2,Smooth,0,Smooth
2366.6666666666665,1,Smooth,0,Smooth
2400.0,1,Smooth,0,Smooth
2433.333333333333,1,Smooth,0,Smooth
2466.666666666667,1,Smooth,0,Smooth
2500.0,2,Smooth,0,Smooth
2533.333333333333,2,Smooth,0,Smooth
2566.6666666666665,2,Smooth,0,Smooth
2600.0,2,Smooth,1,Smooth
2633.3333333333335,2,Smooth,1,Smooth
2666.6666666666665,2,Smooth,1,Smooth
2700.0,2,Smooth,1,Smooth
2733.3333333333335,2,Smooth,1,Smooth
2766.6666666666665,2,Smooth,1,Smooth
2800.0,2,Smooth,1,Smooth
2833.3333333333335,2,Smooth,1,Smooth
2866.6666666666665,2,Smooth,1,Smooth
2900.0,2,Smooth,1,Smooth
2933.333333333333,2,Smooth,1,Smooth
2966.666666666667,2,Smooth,1,Smooth
3000.0,2,Smooth,1,Smooth
3033.333333333333,2,Smooth,1,Smooth
3066.6666666666665,1,Smooth,1,Smooth
3100.0,2,Smooth,1,Smooth
3133.3333333333335,1,Smooth,1,Smooth
3166.6666666666665,1,Smooth,1,Smooth
3200.0,1,Smooth,1,Smooth
3233.3333333333335,1,Smooth,1,Smooth
3266.6666666666665,1,Smooth,1,Smooth
3300.0,1,Smooth,1,Smooth
3333.3333333333335,1,Smooth,1,Smooth
3366.6666666666665,1,Smooth,1,Smooth
3400.0,1,Smooth,1,Smooth
3433.333333333333,1,Smooth,1,Smooth
3466.666666666667,1,Smooth,1,Smooth
3500.0,1,Smooth,1,Smooth
3533.333333333333,1,Smooth,1,Smooth
3566.6666666666665,1,Smooth,1,Smooth
3600.0,1,Smooth,1,Smooth
3633.3333333333335,1,Smooth,1,Smooth
3666.6666666666665,1,Smooth,1,Smooth
3699.9999999999995,1,Smooth,1,Smooth
3733.3333333333335,1,Smooth,1,Smooth
3766.6666666666665,2,Smooth,1,Smooth
3800.0,2,Smooth,1,Smooth
3833.3333333333335,2,Smooth,1,Smooth
3866.6666666666665,2,Smooth,1,Smooth
3900.0,1,Smooth,1,Smooth
3933.333333333333,1,Smooth,1,Smooth
3966.666666666667,1,Smooth,1,Smooth
4000.0,2,Smooth,1,Smooth
4033.333333333333,2,Smooth,1,Smooth
4066.6666666666665,2,Smooth,1,Smooth
4100.0,2,Smooth,1,Smooth
4133.333333333333,2,Smooth,0,Smooth
4166.666666666667,2,Smooth,0,Smooth
4200.0,1,Smooth,0,Smooth
4233.333333333333,1,Smooth,0,Smooth
4266.666666666667,1,Smooth,0,Smooth
4300.0,1,Smooth,0,Smooth
4333.333333333333,1,Smooth,1,Smooth
4366.666666666666,1,Smooth,0,Smooth
4400.0,1,Smooth,1,Smooth
4433.333333333334,1,Smooth,1,Smooth
4466.666666666667,1,Smooth,1,Smooth
4500.0,1,Smooth,1,Smooth
4533.333333333333,1,Smooth,1,Smooth
4566.666666666666,1,Smooth,1,Smooth
4600.0,1,Smooth,1,Smooth
4633.333333333333,1,Smooth,1,Smooth
4666.666666666667,1,Smooth,1,Smooth
4700.0,1,Smooth,1,Smooth
4733.333333333333,1,Smooth,1,Smooth
4766.666666666667,1,Smooth,1,Smooth
4800.0,1,Smooth,1,Smooth
4833.333333333333,1,Smooth,1,Smooth
4866.666666666666,1,Smooth,2,Smooth
4900.0,1,Smooth,1,Smooth
4933.333333333334,1,Smooth,1,Smooth
4966.666666666667,1,Smooth,1,Smooth
5000.0,1,Smooth,1,Smooth
5033.333333333333,2,Smooth,1,Smooth
5066.666666666666,2,Smooth,1,Smooth
5100.0,2,Smooth,1,Smooth
5133.333333333333,2,Smooth,1,Smooth
5166.666666666667,2,Smooth,1,Smooth
5200.0,2,Smooth,1,Smooth
5233.333333333333,2,Smooth,1,Smooth
5266.666666666667,2,Smooth,1,Smooth
5300.0,2,Smooth,1,Smooth
5333.333333333333,2,Smooth,1,Smooth
5366.666666666666,2,Smooth,1,Smooth
5400.0,2,Smooth,1,Smooth
5433.333333333334,2,Smooth,1,Smooth
5466.666666666667,2,Smooth,1,Smooth
5500.0,2,Smooth,1,Smooth
5533.333333333333,2,Smooth,1,Smooth
5566.666666666666,2,Smooth,1,Smooth
5600.0,2,Smooth,1,Smooth
5633.333333333333,2,Smooth,1,Smooth
5666.666666666667,2,Smooth,1,Smooth
5700.0,1,Smooth,1,Smooth
5733.333333333333,1,Smooth,1,Smooth
5766.666666666667,1,Smooth,1,Smooth
5800.0,1,Smooth,1,Smooth
5833.333333333333,1,Smooth,1,Smooth
5866.666666666666,1,Smooth,1,Smooth
5900.0,1,Smooth,1,Smooth
5933.333333333334,1,Smooth,1,Smooth
5966.666666666667,1,Smooth,1,Smooth
6000.0,1,Smooth,0,Smooth
6033.333333333333,1,Smooth,0,Smooth
6066.666666666666,1,Smooth,0,Smooth
6100.0,1,Smooth,0,Smooth
6133.333333333333,1,Smooth,0,Smooth
6166.666666666667,1,Smooth,0,Smooth
6200.0,1,Smooth,0,Smooth
6233.333333333333,1,Smooth,0,Smooth
6266.666666666667,1,Smooth,0,Smooth
6300.0,1,Smooth,0,Smooth
6333.333333333333,1,Smooth,0,Smooth
6366.666666666666,1,Smooth,0,Smooth
6400.0,1,Smooth,0,Smooth
6433.333333333334,1,Smooth,0,Smooth
6466.666666666667,1,Smooth,0,Smooth
6500.0,1,Smooth,0,Smooth
6533.333333333333,1,Smooth,0,Smooth
6566.666666666666,1,Smooth,0,Smooth
6600.0,1,Smooth,0,Smooth
6633.333333333333,0,Smooth,0,Smooth
6666.666666666667,0,Smooth,0,Smooth
6700.0,0,Smooth,0,Smooth
6733.333333333333,0,Smooth,0,Smooth
6766.666666666667,0,Smooth,0,Smooth
6800.0,0,Smooth,0,Smooth
6833.333333333333,0,Smooth,0,Smooth
6866.666666666666,0,Smooth,0,Smooth
6899.999999999999,0,Smooth,0,Smooth
6933.333333333334,0,Smooth,0,Smooth
6966.666666666667,0,Smooth,0,Smooth
7000.0,0,Smooth,0,Smooth
7033.333333333333,0,Smooth,0,Smooth
7066.666666666666,0,Smooth,0,Smooth
7100.0,0,Smooth,0,Smooth
7133.333333333333,0,Smooth,0,Smooth
7166.666666666667,0,Smooth,0,Smooth
7200.0,0,Smooth,0,Smooth
7233.333333333333,0,Smooth,0,Smooth
7266.666666666667,0,Smooth,0,Smooth
7300.0,0,Smooth,0,Smooth
7333.333333333333,0,Smooth,0,Smooth
7366.666666666666,0,Smooth,0,Smooth
7399.999999999999,0,Smooth,0,Smooth
7433.333333333334,0,Smooth,0,Smooth
7466.666666666667,0,Smooth,0,Smooth
7500.0,0,Smooth,0,Smooth
7533.333333333333,0,Smooth,0,Smooth
7566.666666666666,0,Smooth,0,Smooth
7600.0,0,Smooth,0,Smooth
7633.333333333333,0,Smooth,0,Smooth
7666.666666666667,0,Smooth,0,Smooth
7700.0,0,Smooth,0,Smooth
7733.333333333333,0,Smooth,0,Smooth
7766.666666666667,1,Smooth,0,Smooth
7800.0,1,Smooth,0,Smooth
7833.333333333333,0,Smooth,0,Smooth
7866.666666666666,1,Smooth,0,Smooth
7899.999999999999,0,Smooth,0,Smooth
7933.333333333334,1,Smooth,0,Smooth
7966.666666666667,1,Smooth,0,Smooth
8000.0,1,Smooth,0,Smooth
8033.333333333333,1,Smooth,0,Smooth
8066.666666666666,1,Smooth,0,Smooth
8100.0,1,Smooth,0,Smooth
8133.333333333333,1,Smooth,0,Smooth
8166.666666666666,1,Smooth,0,Smooth
8200.0,1,Smooth,0,Smooth
8233.333333333332,1,Smooth,0,Smooth
8266.666666666666,1,Smooth,0,Smooth
8300.0,1,Smooth,1,Smooth
8333.333333333334,1,Smooth,1,Smooth
8366.666666666668,1,Smooth,2,Smooth
8400.0,1,Smooth,2,Smooth
8433.333333333334,1,Smooth,2,Smooth
8466.666666666666,1,Smooth,1,Smooth
8500.0,1,Smooth,1,Smooth
8533.333333333334,1,Smooth,1,Smooth
8566.666666666666,1,Smooth,1,Smooth
8600.0,1,Smooth,1,Smooth
8633.333333333332,1,Smooth,1,Smooth
8666.666666666666,1,Smooth,2,Smooth
8700.0,1,Smooth,2,Smooth
8733.333333333332,1,Smooth,1,Smooth
8766.666666666666,1,Smooth,3,Smooth
8800.0,1,Smooth,3,Smooth
8833.333333333334,1,Smooth,3,Smooth
8866.666666666668,2,Smooth,3,Smooth
8900.0,1,Smooth,3,Smooth
8933.333333333334,2,Smooth,3,Smooth
8966.666666666666,2,Smooth,2,Smooth
9000.0,2,Smooth,3,Smooth
9033.333333333334,2,Smooth,3,Smooth
9066.666666666666,2,Smooth,3,Smooth
9100.0,2,Smooth,3,Smooth
9133.333333333332,2,Smooth,3,Smooth
9166.666666666666,2,Smooth,3,Smooth
9200.0,2,Smooth,3,Smooth
9233.333333333332,3,Smooth,3,Smooth
9266.666666666666,3,Smooth,3,Smooth
9300.0,3,Smooth,3,Smooth
9333.333333333334,3,Smooth,3,Smooth
9366.666666666668,3,Smooth,3,Smooth
9400.0,3,Smooth,3,Smooth
9433.333333333334,3,Smooth,3,Smooth
9466.666666666666,3,Smooth,3,Smooth
9500.0,3,Smooth,3,Smooth
9533.333333333334,3,Smooth,3,Smooth
9566.666666666666,3,Smooth,4,Smooth
9600.0,3,Smooth,4,Smooth
9633.333333333332,3,Smooth,3,Smooth
9666.666666666666,3,Smooth,4,Smooth
9700.0,2,Smooth,4,Smooth
9733.333333333332,2,Smooth,4,Smooth
9766.666666666666,2,Smooth,4,Smooth
9800.0,2,Smooth,4,Smooth
9833.333333333334,2,Smooth,3,Smooth
9866.666666666668,2,Smooth,3,Smooth
9900.0,2,Smooth,3,Smooth
9933.333333333334,2,Smooth,3,Smooth
9966.666666666666,2,Smooth,2,Smooth
10000.0,2,Smooth,3,Smooth
10033.333333333334,2,Smooth,3,Smooth
10066.666666666666,2,Smooth,2,Smooth
10100.0,2,Smooth,2,Smooth
10133.333333333332,3,Smooth,2,Smooth
10166.666666666666,3,Smooth,2,Smooth
10200.0,3,Smooth,2,Smooth
10233.333333333332,3,Smooth,2,Smooth
10266.666666666666,3,Smooth,3,Smooth
10300.0,3,Smooth,3,Smooth
10333.333333333334,3,Smooth,3,Smooth
10366.666666666668,3,Smooth,3,Smooth
10400.0,3,Smooth,3,Smooth
10433.333333333334,3,Smooth,3,Smooth
10466.666666666666,2,Smooth,3,Smooth
10500.0,2,Smooth,3,Smooth
10533.333333333334,2,Smooth,3,Smooth
10566.666666666666,2,Smooth,2,Smooth
10600.0,2,Smooth,2,Smooth
10633.333333333332,2,Smooth,2,Smooth
10666.666666666666,2,Smooth,2,Smooth
10700.0,2,Smooth,2,Smooth
10733.333333333332,2,Smooth,2,Smooth
10766.666666666666,2,Smooth,2,Smooth
10800.0,2,Smooth,2,Smooth
10833.333333333334,2,Smooth,2,Smooth
10866.666666666668,2,Smooth,2,Smooth
10900.0,1,Smooth,2,Smooth
10933.333333333334,1,Smooth,2,Smooth
10966.666666666666,1,Smooth,2,Smooth
11000.0,1,Smooth,2,Smooth
11033.333333333334,2,Smooth,2,Smooth
11066.666666666666,2,Smooth,2,Smooth
11100.0,1,Smooth,2,Smooth
11133.333333333332,1,Smooth,2,Smooth
11166.666666666666,1,Smooth,2,Smooth
11200.0,3,Smooth,2,Smooth
11233.333333333332,2,Smooth,2,Smooth
11266.666666666666,2,Smooth,2,Smooth
11300.0,3,Smooth,2,Smooth
11333.333333333334,3,Smooth,2,Smooth
11366.666666666668,3,Smooth,2,Smooth
11400.0,3,Smooth,2,Smooth
11433.333333333334,3,Smooth,2,Smooth
11466.666666666666,3,Smooth,2,Smooth
11500.0,3,Smooth,1,Smooth
11533.333333333334,3,Smooth,1,Smooth
11566.666666666666,3,Smooth,1,Smooth
11600.0,3,Smooth,1,Smooth
11633.333333333332,3,Smooth,1,Smooth
11666.666666666666,3,Smooth,1,Smooth
11700.0,3,Smooth,1,Smooth
11733.333333333332,3,Smooth,1,Smooth
11766.666666666666,3,Smooth,1,Smooth
11800.0,3,Smooth,1,Smooth
11833.333333333334,3,Smooth,1,Smooth
11866.666666666668,3,Smooth,1,Smooth
11900.0,2,Smooth,1,Smooth
11933.333333333334,2,Smooth,1,Smooth
11966.666666666666,2,Smooth,1,Smooth
12000.0,3,Smooth,1,Smooth
12033.333333333334,3,Smooth,1,Smooth
12066.666666666666,3,Smooth,1,Smooth
12100.0,3,Smooth,3,Smooth
12133.333333333332,3,Smooth,3,Smooth
12166.666666666666,3,Smooth,3,Smooth
12200.0,3,Smooth,2,Smooth
12233.333333333332,3,Smooth,3,Smooth
12266.666666666666,3,Smooth,3,Smooth
12300.0,3,Smooth,3,Smooth
12333.333333333334,3,Smooth,2,Smooth
12366.666666666668,3,Smooth,2,Smooth
12400.0,3,Smooth,2,Smooth
12433.333333333334,3,Smooth,2,Smooth
12466.666666666666,3,Smooth,2,Smooth
12500.0,3,Smooth,2,Smooth
12533.333333333334,3,Smooth,2,Smooth
12566.666666666666,3,Smooth,2,Smooth
12600.0,3,Smooth,2,Smooth
12633.333333333332,3,Smooth,2,Smooth
12666.666666666666,3,Smooth,2,Smooth
12700.0,3,Smooth,2,Smooth
12733.333333333332,3,Smooth,2,Smooth
12766.666666666666,3,Smooth,2,Smooth
12800.0,3,Smooth,2,Smooth
12833.333333333334,3,Smooth,2,Smooth
12866.666666666668,3,Smooth,2,Smooth
12900.0,3,Smooth,2,Smooth
12933.333333333334,4,Smooth,2,Smooth
12966.666666666666,4,Smooth,2,Smooth
13000.0,4,Smooth,2,Smooth
13033.333333333334,3,Smooth,2,Smooth
13066.666666666666,3,Smooth,2,Smooth
13100.0,3,Smooth,2,Smooth
13133.333333333332,3,Smooth,2,Smooth
13166.666666666666,3,Smooth,2,Smooth
13200.0,3,Smooth,2,Smooth
13233.333333333332,2,Smooth,2,Smooth
13266.666666666666,2,Smooth,2,Smooth
13299.999999999998,2,Smooth,2,Smooth
13333.333333333334,2,Smooth,2,Smooth
13366.666666666668,2,Smooth,2,Smooth
13400.0,2,Smooth,2,Smooth
13433.333333333334,2,Smooth,2,Smooth
13466.666666666666,2,Smooth,2,Smooth
13500.0,2,Smooth,2,Smooth
13533.333333333334,2,Smooth,2,Smooth
13566.666666666666,2,Smooth,2,Smooth
13600.0,2,Smooth,2,Smooth
13633.333333333332,2,Smooth,2,Smooth
13666.666666666666,2,Smooth,2,Smooth
13700.0,2,Smooth,2,Smooth
13733.333333333332,3,Smooth,2,Smooth
13766.666666666666,3,Smooth,2,Smooth
13799.999999999998,3,Smooth,2,Smooth
13833.333333333334,3,Smooth,2,Smooth
13866.666666666668,3,Smooth,2,Smooth
13900.0,2,Smooth,1,Smooth
13933.333333333334,2,Smooth,1,Smooth
13966.666666666666,2,Smooth,1,Smooth
14000.0,2,Smooth,1,Smooth
14033.333333333334,2,Smooth,1,Smooth
14066.666666666666,2,Smooth,1,Smooth
14100.0,2,Smooth,1,Smooth
14133.333333333332,2,Smooth,1,Smooth
14166.666666666666,2,Smooth,1,Smooth
14200.0,2,Smooth,1,Smooth
14233.333333333332,2,Smooth,1,Smooth
14266.666666666666,2,Smooth,1,Smooth
14299.999999999998,2,Smooth,1,Smooth
14333.333333333334,2,Smooth,1,Smooth
14366.666666666668,2,Smooth,1,Smooth
14400.0,2,Smooth,1,Smooth
14433.333333333334,2,Smooth,1,Smooth
14466.666666666666,2,Smooth,1,Smooth
14500.0,2,Smooth,1,Smooth
14533.333333333334,2,Smooth,1,Smooth
14566.666666666666,2,Smooth,1,Smooth
14600.0,1,Smooth,1,Smooth
14633.333333333332,1,Smooth,1,Smooth
14666.666666666666,1,Smooth,1,Smooth
14700.0,1,Smooth,1,Smooth
14733.333333333332,1,Smooth,1,Smooth
14766.666666666666,1,Smooth,1,Smooth
14799.999999999998,1,Smooth,1,Smooth
14833.333333333334,1,Smooth,1,Smooth
14866.666666666668,1,Smooth,1,Smooth
14900.0,1,Smooth,1,Smooth
14933.333333333334,1,Smooth,1,Smooth
14966.666666666666,1,Smooth,1,Smooth
15000.0,1,Smooth,1,Smooth
15033.333333333334,2,Smooth,1,Smooth
15066.666666666666,2,Smooth,1,Smooth
15100.0,2,Smooth,1,Smooth
15133.333333333332,2,Smooth,1,Smooth
15166.666666666666,2,Smooth,1,Smooth
15200.0,2,Smooth,0,Smooth
15233.333333333332,2,Smooth,0,Smooth
15266.666666666666,2,Smooth,0,Smooth
15299.999999999998,2,Smooth,0,Smooth
15333.333333333334,2,Smooth,0,Smooth
15366.666666666668,2,Smooth,0,Smooth
15400.0,2,Smooth,0,Smooth
15433.333333333334,2,Smooth,0,Smooth
15466.666666666666,2,Smooth,0,Smooth
15500.0,2,Smooth,0,Smooth
15533.333333333334,2,Smooth,0,Smooth
15566.666666666666,2,Smooth,0,Smooth
15600.0,2,Smooth,0,Smooth
15633.333333333332,2,Smooth,0,Smooth
15666.666666666666,2,Smooth,0,Smooth
15700.0,2,Smooth,0,Smooth
15733.333333333332,2,Smooth,0,Smooth
15766.666666666666,2,Smooth,0,Smooth
15799.999999999998,2,Smooth,0,Smooth
15833.333333333334,2,Smooth,0,Smooth
15866.666666666668,2,Smooth,0,Smooth
15900.0,2,Smooth,0,Smooth
15933.333333333334,2,Smooth,0,Smooth
15966.666666666666,1,Smooth,0,Smooth
16000.0,2,Smooth,0,Smooth
16033.333333333332,1,Smooth,1,Smooth
16066.666666666666,1,Smooth,2,Smooth
16100.000000000002,1,Smooth,2,Smooth
16133.333333333332,1,Smooth,2,Smooth
16166.666666666668,1,Smooth,2,Smooth
16200.0,1,Smooth,2,Smooth
16233.333333333334,1,Smooth,2,Smooth
16266.666666666666,1,Smooth,2,Smooth
16300.0,1,Smooth,2,Smooth
16333.333333333332,1,Smooth,2,Smooth
16366.666666666668,1,Smooth,2,Smooth
16400.0,1,Smooth,2,Smooth
16433.333333333332,1,Smooth,2,Smooth
16466.666666666664,1,Smooth,2,Smooth
16500.0,1,Smooth,2,Smooth
16533.333333333332,1,Smooth,2,Smooth
16566.666666666668,1,Smooth,2,Smooth
16600.0,1,Smooth,2,Smooth
16633.333333333332,1,Smooth,2,Smooth
16666.666666666668,1,Smooth,2,Smooth
16700.0,0,Smooth,2,Smooth
16733.333333333336,0,Smooth,2,Smooth
16766.666666666664,0,Smooth,2,Smooth
16800.0,0,Smooth,2,Smooth
16833.333333333332,0,Smooth,2,Smooth
16866.666666666668,0,Smooth,2,Smooth
16900.0,0,Smooth,2,Smooth
16933.333333333332,0,Smooth,2,Smooth
16966.666666666664,0,Smooth,2,Smooth
17000.0,0,Smooth,2,Smooth
17033.333333333332,0,Smooth,2,Smooth
17066.666666666668,0,Smooth,2,Smooth
17100.0,0,Smooth,2,Smooth
17133.333333333332,1,Smooth,2,Smooth
17166.666666666668,1,Smooth,2,Smooth
17200.0,1,Smooth,2,Smooth
17233.333333333336,0,Smooth,2,Smooth
17266.666666666664,0,Smooth,2,Smooth
17300.0,0,Smooth,2,Smooth
17333.333333333332,0,Smooth,2,Smooth
17366.666666666668,0,Smooth,2,Smooth
17400.0,1,Smooth,2,Smooth
17433.333333333332,1,Smooth,2,Smooth
17466.666666666664,1,Smooth,2,Smooth
17500.0,1,Smooth,2,Smooth
17533.333333333332,1,Smooth,3,Smooth
17566.666666666668,0,Smooth,2,Smooth
17600.0,1,Smooth,2,Smooth
17633.333333333332,0,Smooth,2,Smooth
17666.666666666668,1,Smooth,2,Smooth
17700.0,1,Smooth,2,Smooth
17733.333333333336,1,Smooth,2,Smooth
17766.666666666664,1,Smooth,2,Smooth
17800.0,1,Smooth,2,Smooth
17833.333333333332,1,Smooth,2,Smooth
17866.666666666668,1,Smooth,2,Smooth
17900.0,1,Smooth,2,Smooth
17933.333333333332,1,Smooth,2,Smooth
17966.666666666664,1,Smooth,2,Smooth
18000.0,1,Smooth,2,Smooth
18033.333333333332,1,Smooth,2,Smooth
18066.666666666668,1,Smooth,2,Smooth
18100.0,1,Smooth,2,Smooth
18133.333333333332,1,Smooth,2,Smooth
18166.666666666668,1,Smooth,2,Smooth
18200.0,1,Smooth,2,Smooth
18233.333333333336,1,Smooth,2,Smooth
18266.666666666664,1,Smooth,2,Smooth
18300.0,1,Smooth,2,Smooth
18333.333333333332,1,Smooth,2,Smooth
18366.666666666668,1,Smooth,2,Smooth
18400.0,1,Smooth,2,Smooth
18433.333333333332,1,Smooth,2,Smooth
18466.666666666664,1,Smooth,2,Smooth
18500.0,1,Smooth,2,Smooth
18533.333333333332,1,Smooth,2,Smooth
18566.666666666668,1,Smooth,2,Smooth
18600.0,1,Smooth,2,Smooth
18633.333333333332,1,Smooth,2,Smooth
18666.666666666668,1,Smooth,2,Smooth
18700.0,1,Smooth,2,Smooth
18733.333333333336,1,Smooth,2,Smooth
18766.666666666664,1,Smooth,2,Smooth
18800.0,1,Smooth,2,Smooth
18833.333333333332,1,Smooth,2,Smooth
18866.666666666668,1,Smooth,2,Smooth
18900.0,1,Smooth,2,Smooth
18933.333333333332,1,Smooth,2,Smooth
18966.666666666664,1,Smooth,2,Smooth
19000.0,1,Smooth,1,Smooth
19033.333333333332,2,Smooth,1,Smooth
19066.666666666668,1,Smooth,1,Smooth
19100.0,0,Smooth,1,Smooth
19133.333333333332,0,Smooth,1,Smooth
19166.666666666668,1,Smooth,0,Smooth
19200.0,1,Smooth,0,Smooth
19233.333333333336,1,Smooth,0,Smooth
19266.666666666664,2,Smooth,0,Smooth
19300.0,2,Smooth,0,Smooth
19333.333333333332,2,Smooth,0,Smooth
19366.666666666668,2,Smooth,0,Smooth
19400.0,2,Smooth,0,Smooth
19433.333333333332,2,Smooth,0,Smooth
19466.666666666664,2,Smooth,0,Smooth
19500.0,2,Smooth,0,Smooth
19533.333333333332,2,Smooth,0,Smooth
19566.666666666668,2,Smooth,0,Smooth
19600.0,2,Smooth,0,Smooth
19633.333333333332,2,Smooth,0,Smooth
19666.666666666668,2,Smooth,0,Smooth
19700.0,2,Smooth,0,Smooth
19733.333333333336,2,Smooth,0,Smooth
19766.666666666664,2,Smooth,0,Smooth
19800.0,2,Smooth,0,Smooth
19833.333333333332,2,Smooth,0,Smooth
19866.666666666668,2,Smooth,0,Smooth
19900.0,2,Smooth,0,Smooth
19933.333333333332,2,Smooth,0,Smooth
19966.666666666664,2,Smooth,0,Smooth
20000.0,2,Smooth,0,Smooth
